page_title,views,variants,theme,matched_category,matched_url
社会保険適用拡大で扶養を外れるメリットは？これからのパートの働き方。,42404,2,社会保険,"労務管理, 年金",https://ksrfp.com/labor-management/254/
役員や社長の家族は雇用保険に加入できる？,24628,3,雇用保険,労務管理,https://ksrfp.com/labor-management/3108/
質問：遺族年金を受給する母を扶養にできますか？,24156,3,社会保険,ライフプランニング,https://ksrfp.com/life-planning/343/
夫の退職で妻の健康保険と年金はどうなる！？,18347,2,社会保険,"ライフプランニング, 年金",https://ksrfp.com/life-planning/362/
法人化した場合の労働保険、社会保険の手続き,9826,2,社会保険,労務管理,https://ksrfp.com/labor-management/3120/
建設業は事務所労災を忘れずに！,9231,3,労災,労務管理,https://ksrfp.com/labor-management/2960/
夜勤の有給は２日利用になる？,6587,3,有給休暇,労務管理,https://ksrfp.com/labor-management/3044/
夜勤者の算定基礎届の支払基礎日数,5526,2,労働時間・休憩,労務管理,https://ksrfp.com/labor-management/3052/
退職者は引く？引かない？社会保険料の徴収の仕組み,4576,2,社会保険,"労務管理, 給与計算",https://ksrfp.com/labor-management/2904/
残業時間中は休憩なし！？休憩時間の原則についてわかりやすく解説！,4244,2,労働時間・休憩,,
70歳まで働く時代。教育訓練給付金で資格を取ろう！,4071,2,雇用保険,給付金,https://ksrfp.com/benefits/240/
休憩を交代で取らせるときは、「 一斉休憩の適用除外に関する労使協定」が必要です。,3692,2,労働時間・休憩,労務管理,https://ksrfp.com/labor-management/3150/
パート・アルバイトの慶弔休暇は必要なのか？,3612,2,有給休暇,労務管理,https://ksrfp.com/labor-management/2567/
令和4年10月から雇用期間が2ヵ月以内でも社会保険へ加入。,3498,3,社会保険,労務管理,https://ksrfp.com/labor-management/3090/
残業代の割増単価算出に必要な月平均所定労働時間とは？,2955,2,労働時間・休憩,給与計算,https://ksrfp.com/payroll/3524/
【2025年版】退職時の有給休暇はどう対応する？取得義務・買取・引継ぎまで完全解説,2628,1,退職,労務管理,https://ksrfp.com/labor-management/3420/
パートのダブルワークの社会保険！副業解禁でどうなる？非常勤役員は？,1873,2,社会保険,労務管理,https://ksrfp.com/labor-management/2498/
月給制や日給制の最低賃金の計算方法とは？,1787,2,その他,"労務管理, 給与計算",https://ksrfp.com/labor-management/2578/
ハラスメントの境界線、判断基準の具体例,1643,2,その他,労務管理,https://ksrfp.com/labor-management/4022/
社会保険適用拡大。任意特定適用事業所の申し出とは？,1632,2,社会保険,労務管理,https://ksrfp.com/labor-management/3467/
柏谷横浜社労士事務所｜横浜市の社会保険労務士事務所,1474,2,社会保険,,
休業が連続した時の平均賃金の計算方法,1419,2,その他,"労務管理, 給与計算",https://ksrfp.com/labor-management/297/
お役立ち資料,1377,2,その他,,
夜間の宿直業務に「残業代」はない？,854,3,労働時間・休憩,労務管理,https://ksrfp.com/labor-management/2608/
降格・降給の実務、不利益変更といわれないために,800,1,その他,労務管理,https://ksrfp.com/labor-management/4424/
養育期間標準報酬月額特例とは？育児短時間勤務で給料が下がったら出しておく！,775,2,パート・アルバイト,"労務管理, 年金",https://ksrfp.com/labor-management/3411/
同一労働同一賃金 パートに賞与なしは違法！？,773,3,パート・アルバイト,労務管理,https://ksrfp.com/labor-management/319/
【2025年版】就業規則で「退職は3ヵ月前までに申し出ること」と定めれば効力はあるのか？,736,1,退職,労務管理,https://ksrfp.com/labor-management/2920/
ブログ,543,34,その他,,
「保険関係成立届」「雇用保険適用事業所設置届」とは？人を雇ったら必ず加入！,539,2,雇用保険,労務管理,https://ksrfp.com/labor-management/2492/
新たに従業員を採用した時に必要な手続きは？正社員とパート、アルバイトで違う？,532,2,パート・アルバイト,労務管理,https://ksrfp.com/labor-management/907/
帝王切開の費用はいくら？高額療養費制度について解説！,465,2,その他,ライフプランニング,https://ksrfp.com/life-planning/182/
初めて給与計算担当者になった時に、押さえておきたいポイントを解説！,454,2,給与計算,給与計算,https://ksrfp.com/payroll/3535/
就業規則の不利益変更に、従業員の個別同意は必要か？,443,2,その他,労務管理,https://ksrfp.com/labor-management/2990/
振休と代休の違いとは？割増賃金も再確認。,431,2,その他,労務管理,https://ksrfp.com/labor-management/3390/
事業所概要,415,2,その他,,
404: ページが見つかりませんでした,378,1,その他,,
お問い合わせ,352,2,その他,,
1年単位の変形労働時間制のメリット・デメリットについて解説します！,348,2,労働時間・休憩,労務管理,https://ksrfp.com/labor-management/976/
1カ月単位の変形労働時間制のメリット・デメリットについて解説します！,345,2,労働時間・休憩,労務管理,https://ksrfp.com/labor-management/948/
柏谷横浜社労士事務所｜横浜市中区の社会保険労務士事務所,330,1,社会保険,,
子供の教育資金は高校卒業までに400万円貯めるのが目標,324,2,その他,ライフプランニング,https://ksrfp.com/life-planning/221/
事務所概要,298,1,その他,,
業務内容,285,2,その他,,
試用期間満了で解雇することはできるのか？,281,2,その他,労務管理,https://ksrfp.com/labor-management/2564/
タイムカードの15分まるめ、30分まるめ。労働時間を切り捨てるの違法です。,274,2,労働時間・休憩,"労務管理, 給与計算",https://ksrfp.com/labor-management/2913/
労働・社会保険関係の手続き,230,2,社会保険,,
中小企業経営者が押さえるべき“休憩時間の原則と実務対応”,217,1,労働時間・休憩,労務管理,https://ksrfp.com/labor-management/288/
労務管理,215,17,その他,,
退職時に残った有給休暇は取得できない？,210,2,退職,,
従業員30人以下の中小企業がとるべき採用戦略,200,2,その他,,
フレックスタイム制度の導入と管理,170,2,その他,労務管理,https://ksrfp.com/labor-management/3644/
令和4年1月1日から傷病手当金の支給期間が通算化,157,2,その他,労務管理,https://ksrfp.com/labor-management/2600/
問題社員の正しい対応方法,156,2,その他,,
育児・介護休業法改正のポイントについて解説,150,1,その他,労務管理,https://ksrfp.com/labor-management/4000/
給与計算,150,2,給与計算,,
年金制度改正法が成立,148,1,年金,"労務管理, 年金",https://ksrfp.com/labor-management/4426/
助成金,138,2,助成金・給付金,,
新型コロナウィルスの影響で退職したら失業保険はすぐもらえるの！？,129,2,雇用保険,給付金,https://ksrfp.com/benefits/171/
年金,125,2,年金,,
「精神障害の労災認定基準」にカスハラを追加,120,2,労災,労務管理,https://ksrfp.com/labor-management/3633/
給付金,113,2,助成金・給付金,,
給与計算代行,110,2,給与計算,,
賞与を支給したら何をする？中小企業が必ずやるべき社会保険・税務の手続きまとめ,100,1,社会保険,給与計算,https://ksrfp.com/payroll/2461/
解雇と退職勧奨、解雇は危険,89,1,退職,労務管理,https://ksrfp.com/labor-management/4423/
同一労働同一賃金に対応した評価制度｜パート・時短スタッフの公平性設計,80,1,パート・アルバイト,クリニック,https://ksrfp.com/clinic/4587/
看護師・医療事務・受付の職種別評価基準について解説,79,1,その他,クリニック,https://ksrfp.com/clinic/4600/
パートももらえる？産前産後休業（産休）と育児休業（育休）,77,2,パート・アルバイト,給付金,https://ksrfp.com/benefits/167/
労働問題相談,74,2,その他,,
休日が少ない会社は違法？中小企業経営者が知るべき「休日・労働時間管理」の最新ルールと実務チェックポイント,70,1,労働時間・休憩,労務管理,https://ksrfp.com/labor-management/281/
医師の時間外労働上限規制！特例水準指定が必要なのは？宿日直許可とは？,66,2,その他,労務管理,https://ksrfp.com/labor-management/3617/
医師の時間外労働の上限規制！BC水準とは？,65,2,その他,労務管理,https://ksrfp.com/labor-management/2984/
休みが少なくて辞めたい。休日が少ないのは違法？労働時間の基本について解説します。,65,2,労働時間・休憩,,
ハラスメント相談窓口,64,1,その他,,
2021年5月,61,1,その他,,
賞与を支給した際の手続き,59,2,その他,,
企業型確定拠出年金,58,2,年金,,
2022年8月,57,1,その他,,
2021年8月,56,1,その他,,
2022年5月,53,1,その他,,
コロナで傷病手当金はもらえる！？ 国保は！？,53,3,その他,給付金,https://ksrfp.com/benefits/153/
2021年10月,52,1,その他,,
人事評価・賃金制度設計,52,2,その他,,
小学校等の臨時休業に対応する助成金（小学校休業等対応助成金）について解説！,52,2,助成金・給付金,助成金,https://ksrfp.com/subsidy/133/
2021年7月,51,1,その他,,
未払い残業代請求！？個別労働紛争とは,51,2,労働時間・休憩,労務管理,https://ksrfp.com/labor-management/2820/
2022年,50,1,その他,,
2022年7月,50,1,その他,,
就業規則の作成・変更,50,2,その他,,
2022年4月,47,1,その他,,
有給休暇の5日取得義務化！罰金は一人につき30万円！,44,2,有給休暇,労務管理,https://ksrfp.com/labor-management/143/
給与計算は社労士への委託がお勧めです！,42,2,給与計算,"労務管理, 給与計算",https://ksrfp.com/labor-management/2806/
改正育児介護休業法。育児休業の申し出は拒否できません！,41,2,その他,給付金,https://ksrfp.com/benefits/328/
各種調査の立会業務,40,2,その他,,
コロナで収入が減ったら国民年金保険料の免除申請を忘れずに！,39,2,年金,年金,https://ksrfp.com/pension/198/
その他業務,37,1,その他,,
雇用保険マルチジョブホルダー制度とは,35,2,雇用保険,労務管理,https://ksrfp.com/labor-management/2769/
労務相談顧問,33,1,その他,,
令和５年度の健康保険料率が変更されました,33,2,社会保険,"労務管理, 給与計算",https://ksrfp.com/labor-management/3481/
ライフプランニング,32,2,その他,,
年末年始休業のお知らせ,29,2,その他,お知らせ,https://ksrfp.com/news/2555/
お知らせ,29,3,その他,,
建設業の時間外労働の上限規制は2024年から！,29,2,その他,,
年金未納は損！？受給資格期間１０年で年金がもらえるようになった！,28,2,年金,年金,https://ksrfp.com/pension/189/
社員、パート、初めて従業員を雇ったら必読。会社が必ず行う労務管理とは！？,27,2,パート・アルバイト,労務管理,https://ksrfp.com/labor-management/2860/
「懲戒処分」を行うには就業規則が必要です！,27,2,その他,労務管理,https://ksrfp.com/labor-management/2787/
令和4年10月からの育児休業にかかる社会保険料の免除は！？,25,2,社会保険,労務管理,https://ksrfp.com/labor-management/3033/
雇用保険料の2段階引き上げ。給料の変更はいつから？,24,2,雇用保険,労務管理,https://ksrfp.com/labor-management/2844/
電話・窓口の印象を見える化：クリニックの受付対応の評価方法,23,1,その他,クリニック,https://ksrfp.com/clinic/4495/
民間の医療保険は必要なのか？ライフステージごとに解説します。,21,2,その他,ライフプランニング,https://ksrfp.com/life-planning/229/
令和3年注目の助成金「65歳超雇用推進助成金」とは？,21,2,助成金・給付金,助成金,https://ksrfp.com/subsidy/335/
労働者を募集、採用する時の注意点！,20,1,その他,労務管理,https://ksrfp.com/labor-management/2469/
労働保険料の納付の手続き。年度更新とは？,19,1,労災,労務管理,https://ksrfp.com/labor-management/3011/
評価と賃金・賞与の連動ルール｜診療報酬に左右されにくい昇給テーブル設計,19,1,その他,クリニック,https://ksrfp.com/clinic/4494/
休日と休暇の違いを踏まえて、就業規則を設定しよう！！,19,2,有給休暇,労務管理,https://ksrfp.com/labor-management/2396/
男性の育児休業取得に57万円！両立支援等助成金！,19,2,助成金・給付金,助成金,https://ksrfp.com/subsidy/2410/
夏季休業のお知らせ,19,2,その他,お知らせ,https://ksrfp.com/news/86/
介護休業給付金とは？受給要件・期間・金額を知っておきましょう！,18,2,助成金・給付金,給付金,https://ksrfp.com/benefits/357/
【2026年4月改正】在職老齢年金の基準が65万円に引き上げ！改正内容のポイントを解説,17,1,年金,年金,https://ksrfp.com/pension/4675/
就業規則作成・修正,17,1,その他,,
令和４年度の健康保険料率が変更されました,17,2,社会保険,労務管理,https://ksrfp.com/labor-management/706/
令和3年1月施行！子の看護休暇の時間単位取得の義務化！,17,2,有給休暇,労務管理,https://ksrfp.com/labor-management/2392/
教育係が疲れない仕組み：クリニックの「教える人」を正しく評価する,16,1,その他,クリニック,https://ksrfp.com/clinic/4631/
パワハラ防止法。中小企業でも必要な対策は！？罰則は？,15,2,その他,労務管理,https://ksrfp.com/labor-management/2505/
時間外労働の上限規制始まる！着替えは労働時間か？,15,2,労働時間・休憩,労務管理,https://ksrfp.com/labor-management/285/
令和５年度の雇用保険料率が変更されました,15,2,雇用保険,"労務管理, 給与計算",https://ksrfp.com/labor-management/3486/
SRPⅡ認証制度について,14,1,その他,,
テレワークで使える助成金！人材確保等支援助成金,14,2,助成金・給付金,"助成金, 労務管理",https://ksrfp.com/subsidy/2403/
就業規則を理由に3ヵ月以上退職を認めないことは可能か？,14,2,退職,,
国民年金,13,2,年金,,
2026年4月施行！改正女性活躍推進法で101人以上の企業に義務化される公表項目と準備の進め方,12,1,その他,労務管理,https://ksrfp.com/labor-management/4680/
サイトマップ,12,1,その他,,
シフト制・時短・パートが多い職場の評価運用｜勤怠の差を公平に織り込む実務ポイント,12,1,パート・アルバイト,クリニック,https://ksrfp.com/clinic/4613/
令和3年最低賃金28円引上げ！業務改善助成金を活用しよう！！,12,2,助成金・給付金,助成金,https://ksrfp.com/subsidy/209/
GW休業のお知らせ,11,1,その他,お知らせ,https://ksrfp.com/news/3513/
夏季休暇のお知らせ,11,1,有給休暇,お知らせ,https://ksrfp.com/news/4454/
【令和4年11月更新】雇用調整助成金（特例措置）令和5年1月末で終了,11,2,助成金・給付金,助成金,https://ksrfp.com/subsidy/719/
年金 １０年,11,2,年金,,
産休 育休,10,2,その他,,
法改正・医師の時間外上限等への評価制度対応｜実労働データと評価項目の整合を取る,9,1,その他,クリニック,https://ksrfp.com/clinic/4493/
コロナ,9,2,その他,,
出産 帝王切開,9,3,その他,,
残業を減らすクリニックの評価観点：片付け・引き継ぎ・声かけ,8,1,労働時間・休憩,クリニック,https://ksrfp.com/clinic/4591/
免除,8,2,その他,,
保険,7,1,その他,,
建設業必見！2026年版「人手不足×働き方改革」の対応,7,1,その他,労務管理,https://ksrfp.com/labor-management/3072/
小学校 休校 コロナ,7,2,その他,,
クレームが減るクリニックのチーム作り：評価で「助け合い」を後押し,6,1,その他,クリニック,https://ksrfp.com/clinic/4619/
プライバシーポリシー,6,1,その他,,
採用強化につながる評価制度｜求人票・面接・オンボーディングで何を“約束”するか,6,1,その他,クリニック,https://ksrfp.com/clinic/4521/
教育費,6,1,その他,,
失業 コロナ,6,2,雇用保険,,
見つかりません,6,2,その他,,
360度評価は小規模クリニックで機能するか？アンケートの取り入れ方とリスク,5,1,その他,クリニック,https://ksrfp.com/clinic/4625/
個人情報保護方針・プライバシーポリシー,5,1,その他,,
忙しい外来でも無理なく続く！クリニックでの「年2回評価」の回し方,5,1,その他,クリニック,https://ksrfp.com/clinic/4492/
清掃・整頓を“仕事”として評価する：クリニックの安心感を生む基準づくり,5,1,その他,クリニック,https://ksrfp.com/clinic/4628/
クリニック,4,1,その他,,
クリニックの評価面談でスタッフが前向きになる話し方,4,1,その他,クリニック,https://ksrfp.com/clinic/4696/
傷病手当 コロナ,4,2,その他,,
EdgeOpenhttps://ksrfp.com/,3,1,その他,,
ゴールデンウィーク休業のお知らせ,3,1,その他,お知らせ,https://ksrfp.com/news/2946/
yen-2177672_1920-1,3,2,その他,,
2021年4月,2,1,その他,,
2021年 夏季休業のお知らせ,2,1,その他,お知らせ,https://ksrfp.com/news/4420/
2022年2月,2,1,その他,,
Wワーク,2,1,その他,,
ban_mondai2,2,1,その他,,
クリニック向け労務相談顧問・人事評価賃金制度設計,2,1,その他,,
休業手当,2,1,その他,,
検索結果: 親がパート収入と遺族年金があったら子供の社会保険の扶養に入れますか,2,1,社会保険,,
プレゼンテーションアイコン,2,2,その他,,
労災,2,2,労災,,
2020年,1,1,その他,,
2020年8月,1,1,その他,,
2021年,1,1,その他,,
2021年12月,1,1,その他,,
2021年3月,1,1,その他,,
2022年1月,1,1,その他,,
2022年3月,1,1,その他,,
2022年 夏季休業のお知らせ,1,1,その他,お知らせ,https://ksrfp.com/news/4422/
2022年ゴールデンウィーク休業のお知らせ,1,1,その他,お知らせ,https://ksrfp.com/news/4421/
2025年4月1日の育児介護休業法改正について解説,1,1,その他,労務管理,https://ksrfp.com/labor-management/4000/
blue-snow,1,1,その他,,
【2025年版】退職時の有給休暇はどう対応する？取得義務・買... [URL][https://ksrfp.com/labor-management/3420/],1,1,退職,,
タイムカード,1,1,その他,,
休憩を交代で取らせるときは、「 一斉休憩の適用除外に関する労... [URL][https://ksrfp.com/labor-management/3150/],1,1,労働時間・休憩,,
労働保険,1,1,労災,,
国民健康保険料,1,1,社会保険,,
柏谷TOP6,1,1,その他,,
検索結果: 「地域別最低賃金」で,1,1,その他,,
検索結果: スタッフ,1,1,その他,,
残業時間中は休憩なし！？休憩時間の原則についてわかりやすく解... [URL][https://ksrfp.com/labor-management/288/],1,1,労働時間・休憩,,
物品・在庫管理を評価に入れてムダを減らす！クリニックの見える化ルール,1,1,その他,クリニック,https://ksrfp.com/clinic/4695/
退職給付金,1,1,退職,,
