上位のページ,クリック数,表示回数,CTR,掲載順位
https://ksrfp.com/labor-management/3108/,5199,136649,3.8%,7.93
https://ksrfp.com/life-planning/343/,5025,95217,5.28%,4.71
https://ksrfp.com/labor-management/254/,2983,131711,2.26%,4.47
https://ksrfp.com/life-planning/362/,2630,96853,2.72%,7.11
https://ksrfp.com/labor-management/3120/,1777,14850,11.97%,13.39
https://ksrfp.com/pension/254/,1435,46796,3.07%,5.97
https://ksrfp.com/labor-management/2960/,1346,20195,6.67%,11.05
https://ksrfp.com/labor-management/2904/,1244,41462,3%,13.74
https://ksrfp.com/labor-management/3052/,1015,9583,10.59%,10.86
https://ksrfp.com/labor-management/3044/,990,27130,3.65%,6.93
https://ksrfp.com/labor-management/3420/,839,138531,0.61%,7.56
https://ksrfp.com/benefits/240/,738,23671,3.12%,8.31
https://ksrfp.com/pension/362/,664,15840,4.19%,10.86
https://ksrfp.com/payroll/3524/,624,30120,2.07%,11.13
https://ksrfp.com/labor-management/3150/,554,11622,4.77%,6.57
https://ksrfp.com/labor-management/2567/,423,11432,3.7%,10.6
https://ksrfp.com/labor-management/288/,299,43059,0.69%,17.92
https://ksrfp.com/labor-management/2920/,279,24128,1.16%,11.43
https://ksrfp.com/labor-management/4022/,243,22559,1.08%,6.01
https://ksrfp.com/labor-management/4424/,210,6722,3.12%,7.13
https://ksrfp.com/labor-management/2498/,204,12077,1.69%,18.31
https://ksrfp.com/labor-management/2578/,190,23579,0.81%,12.31
https://ksrfp.com/,185,11343,1.63%,23.81
https://ksrfp.com/labor-management/297/,132,3778,3.49%,23.62
https://ksrfp.com/labor-management/2608/,112,4530,2.47%,17.51
https://ksrfp.com/labor-management/3467/,104,10702,0.97%,10.67
https://ksrfp.com/labor-management/907/,77,8106,0.95%,16.04
https://ksrfp.com/life-planning/182/,70,8704,0.8%,20.53
https://ksrfp.com/labor-management/4426/,69,9137,0.76%,2.45
https://ksrfp.com/payroll/3535/,66,2785,2.37%,13.91
https://ksrfp.com/labor-management/3390/,64,4240,1.51%,28.45
https://ksrfp.com/labor-management/319/,60,5429,1.11%,12.42
https://ksrfp.com/labor-management/3090/,51,6470,0.79%,25.36
https://ksrfp.com/labor-management/2913/,47,6672,0.7%,19.38
https://ksrfp.com/benefits/167/,43,12578,0.34%,21.24
https://ksrfp.com/labor-management/2990/,41,3917,1.05%,20.09
https://ksrfp.com/clinic/4587/,41,2886,1.42%,7.56
https://ksrfp.com/payroll/2461/,30,4272,0.7%,8.2
https://ksrfp.com/life-planning/221/,30,2843,1.06%,10.37
https://ksrfp.com/labor-management/3411/,30,2384,1.26%,15.55
https://ksrfp.com/profile/,21,1436,1.46%,40
https://ksrfp.com/clinic/4600/,20,640,3.12%,6.89
https://ksrfp.com/labor-management/4423/,18,1557,1.16%,20.84
https://ksrfp.com/labor-management/2564/,17,2366,0.72%,52.46
https://ksrfp.com/pension/198/,16,3572,0.45%,12.88
https://ksrfp.com/labor-management/976/,14,3813,0.37%,36.08
https://ksrfp.com/blog/,13,364,3.57%,22.62
https://ksrfp.com/benefits/171/,12,3636,0.33%,26.73
https://ksrfp.com/service/harassment/,10,878,1.14%,27.54
https://ksrfp.com/service/personnel-system/,9,1004,0.9%,31.19
https://ksrfp.com/labor-management/2820/,9,383,2.35%,27.93
https://ksrfp.com/benefits/153/,8,1254,0.64%,12.33
https://ksrfp.com/service/insurance/,7,2362,0.3%,36.13
https://ksrfp.com/labor-management/3633/,7,853,0.82%,26.47
https://ksrfp.com/pension/4064/,7,179,3.91%,18.65
https://ksrfp.com/labor-management/948/,6,2367,0.25%,58.31
https://ksrfp.com/labor-management/2984/,6,852,0.7%,40.19
https://ksrfp.com/labor-management/3644/,6,577,1.04%,33.42
https://ksrfp.com/pension/3411/,6,550,1.09%,35.39
https://ksrfp.com/pension/362/#%E5%A4%AB%E3%81%8C%E9%80%80%E8%81%B7%E3%81%97%E3%81%9F%E3%82%89%EF%BC%9F,5,8595,0.06%,6.94
https://ksrfp.com/labor-management/2769/,5,1079,0.46%,16.08
https://ksrfp.com/download/saiyou/,5,996,0.5%,18.76
https://ksrfp.com/payroll/,5,691,0.72%,30.84
https://ksrfp.com/clinic/4494/,5,256,1.95%,8.09
https://ksrfp.com/labor-management/3108/#%E5%BD%B9%E5%93%A1%E3%82%84%E7%A4%BE%E9%95%B7%E3%81%AE%E5%AE%B6%E6%97%8F%E3%81%AF%E9%9B%87%E7%94%A8%E4%BF%9D%E9%99%BA%E3%81%AE%E5%AF%BE%E8%B1%A1%E5%A4%96,4,5890,0.07%,5.06
https://ksrfp.com/labor-management/2600/,4,3609,0.11%,5.33
https://ksrfp.com/labor-management/706/,4,449,0.89%,15.96
https://ksrfp.com/sitemap/,4,90,4.44%,14.89
https://ksrfp.com/clinic/4631/,4,61,6.56%,6.66
https://ksrfp.com/service/labor-issues/,3,2159,0.14%,31.16
https://ksrfp.com/clinic/4495/,3,129,2.33%,7.81
https://ksrfp.com/subsidy/,3,26,11.54%,15
https://ksrfp.com/uncategorized/4454/,3,15,20%,7.73
https://ksrfp.com/pension/254/#%E3%83%91%E3%83%BC%E3%83%88%E3%81%A7%E7%A4%BE%E4%BC%9A%E4%BF%9D%E9%99%BA%E3%81%AB%E5%8A%A0%E5%85%A5%E3%81%99%E3%82%8B%E3%81%A8%E6%90%8D%EF%BC%9F,2,2617,0.08%,6.05
https://ksrfp.com/service/labor-regulations/,2,1048,0.19%,35.45
https://ksrfp.com/benefits/240/#%E5%AF%BE%E8%B1%A1%E8%AC%9B%E5%BA%A7,2,727,0.28%,7.23
https://ksrfp.com/labor-management/2787/,2,691,0.29%,46.02
https://ksrfp.com/labor-management/2396/,2,362,0.55%,21.33
https://ksrfp.com/life-planning/229/,2,331,0.6%,67.6
https://ksrfp.com/labor-management/3617/,2,328,0.61%,23.9
https://ksrfp.com/subsidy/335/,2,279,0.72%,39.95
https://ksrfp.com/contact/,2,196,1.02%,14.29
https://ksrfp.com/labor-management/2392/,2,55,3.64%,12.35
https://ksrfp.com/clinic/4696/,2,36,5.56%,7.31
https://ksrfp.com/news/4425/,2,16,12.5%,24.56
https://ksrfp.com/pension/362/#%E4%BB%BB%E6%84%8F%E7%B6%99%E7%B6%9A%E8%A2%AB%E4%BF%9D%E9%99%BA%E8%80%85%E3%81%A8%E3%81%AF,1,8574,0.01%,6.94
https://ksrfp.com/pension/362/#%E4%BB%BB%E6%84%8F%E7%B6%99%E7%B6%9A%E8%A2%AB%E4%BF%9D%E9%99%BA%E8%80%85%E3%81%AB%E3%81%AA%E3%82%89%E3%81%AA%E3%81%8B%E3%81%A3%E3%81%9F%E3%82%89%EF%BC%9F,1,8177,0.01%,6.93
https://ksrfp.com/labor-management/3108/#%E7%A4%BE%E9%95%B7%E3%81%AE%E5%AE%B6%E6%97%8F%E3%81%AF%E9%9B%87%E7%94%A8%E4%BF%9D%E9%99%BA%E3%81%AB%E5%8A%A0%E5%85%A5%E3%81%A7%E3%81%8D%E3%82%8B%EF%BC%9F,1,6950,0.01%,5.08
https://ksrfp.com/labor-management/3108/#%E4%BD%BF%E7%94%A8%E4%BA%BA%E5%85%BC%E5%8B%99%E5%BD%B9%E5%93%A1%E3%81%AF%E5%8A%A0%E5%85%A5%E3%81%A7%E3%81%8D%E3%82%8B,1,3375,0.03%,5.1
https://ksrfp.com/life-planning/343/#%E5%8F%8E%E5%85%A5%E8%A6%81%E4%BB%B6,1,2815,0.04%,5.51
https://ksrfp.com/life-planning/343/#%E9%81%BA%E6%97%8F%E5%B9%B4%E9%87%91%E3%81%AF%E9%9D%9E%E8%AA%B2%E7%A8%8E,1,2815,0.04%,5.51
https://ksrfp.com/labor-management/2904/#%E8%B3%87%E6%A0%BC%E5%96%AA%E5%A4%B1%E3%81%AE%E5%A0%B4%E5%90%88%E3%81%AE%E5%BE%B4%E5%8F%8E%E6%96%B9%E6%B3%95,1,1847,0.05%,6.86
https://ksrfp.com/labor-management/3044/#%E5%8E%9F%E5%89%87%E3%81%AE%E6%9C%89%E7%B5%A6%E5%8F%96%E5%BE%97%E5%8D%98%E4%BD%8D%E3%81%AF%E5%8A%B4%E5%83%8D%E6%97%A5,1,1430,0.07%,7.92
https://ksrfp.com/labor-management/3481/,1,1235,0.08%,15.01
https://ksrfp.com/labor-management/2960/#%E4%BA%8B%E5%8B%99%E6%89%80%E5%8A%B4%E7%81%BD,1,1185,0.08%,6.99
https://ksrfp.com/labor-management/2578/#%E6%9C%88%E7%B5%A6%E5%88%B6%E3%81%AE%E5%A0%B4%E5%90%88,1,983,0.1%,8.09
https://ksrfp.com/labor-management/3072/,1,924,0.11%,62.91
https://ksrfp.com/labor-management/2567/#%E6%85%B6%E5%BC%94%E4%BC%91%E6%9A%87%E3%82%82%E7%A6%8F%E5%88%A9%E5%8E%9A%E7%94%9F%E3%81%A8%E3%81%97%E3%81%A6%E5%BE%85%E9%81%87%E3%81%AE%E4%B8%80%E7%A8%AE,1,894,0.11%,5.31
https://ksrfp.com/labor-management/2806/,1,886,0.11%,77.75
https://ksrfp.com/benefits/240/#%E6%95%99%E8%82%B2%E8%A8%93%E7%B7%B4%E7%B5%A6%E4%BB%98%E9%87%91%E3%81%A7%E8%B3%87%E6%A0%BC%E3%82%92%E5%8F%96%E3%82%8D%E3%81%86%EF%BC%81,1,759,0.13%,7.2
https://ksrfp.com/benefits/240/#%E6%95%99%E8%82%B2%E8%A8%93%E7%B7%B4%E3%81%8C%E5%8F%97%E3%81%91%E3%82%89%E3%82%8C%E3%82%8B%E4%BA%BA,1,748,0.13%,7.19
https://ksrfp.com/service/,1,277,0.36%,22.53
https://ksrfp.com/labor-management/4000/,1,141,0.71%,45.85
https://ksrfp.com/news/,1,118,0.85%,3.44
https://ksrfp.com/download/,1,110,0.91%,15.67
https://ksrfp.com/clinic/4492/,1,86,1.16%,8.33
https://ksrfp.com/tag/出産　帝王切開/,1,86,1.16%,77.1
https://ksrfp.com/clinic/4493/,1,85,1.18%,11.29
https://ksrfp.com/service/witness-work/,1,61,1.64%,40.28
https://ksrfp.com/labor-management/4680/,1,59,1.69%,11.61
https://ksrfp.com/download/mondai/,1,58,1.72%,37.95
https://ksrfp.com/tag/助成金/,1,30,3.33%,5.6
https://ksrfp.com/tag/給与計算/,1,12,8.33%,14.42
https://ksrfp.com/tag/給付金/,1,5,20%,26.4
https://ksrfp.com/tag/コロナ/,1,4,25%,19.75
https://ksrfp.com/pension/362/#%E5%85%AC%E7%9A%84%E5%B9%B4%E9%87%91%E5%88%B6%E5%BA%A6%E3%81%AE%E7%A8%AE%E9%A1%9E,0,8319,0%,6.95
https://ksrfp.com/labor-management/3108/#%E9%9B%87%E7%94%A8%E4%BF%9D%E9%99%BA%E6%96%99%E3%81%AE%E7%AE%97%E5%AE%9A%E6%96%B9%E6%B3%95%E3%81%AF,0,4287,0%,5.07
https://ksrfp.com/life-planning/343/#%E8%A2%AB%E6%89%B6%E9%A4%8A%E8%80%85%E3%81%AE%E7%AF%84%E5%9B%B2,0,2815,0%,5.51
https://ksrfp.com/pension/254/#%E7%A4%BE%E4%BC%9A%E4%BF%9D%E9%99%BA%E3%81%AB%E5%8A%A0%E5%85%A5%E3%81%99%E3%82%8B%E3%83%A1%E3%83%AA%E3%83%83%E3%83%88%EF%BC%81,0,2617,0%,6.05
https://ksrfp.com/pension/254/#%E5%B9%B4%E9%87%91%E5%8F%97%E7%B5%A6%E9%96%8B%E5%A7%8B%E5%B9%B4%E9%BD%A2%E3%81%AE%E4%B8%8A%E9%99%90%E5%BC%95%E3%81%8D%E4%B8%8A%E3%81%92,0,2256,0%,5.87
https://ksrfp.com/labor-management/2904/#%E5%9F%BA%E6%9C%AC%E3%81%AF%E7%BF%8C%E6%9C%88%E5%BE%B4%E5%8F%8E,0,1847,0%,6.86
https://ksrfp.com/labor-management/2904/#%E8%B3%9E%E4%B8%8E%E3%81%AE%E5%A0%B4%E5%90%88,0,1847,0%,6.86
https://ksrfp.com/labor-management/3044/#%E4%BE%8B%E5%A4%96%E3%82%82%E3%81%82%E3%82%8B,0,1413,0%,7.92
https://ksrfp.com/labor-management/3044/#%E6%9C%89%E7%B5%A62%E6%97%A5%E5%88%A9%E7%94%A8%E3%81%AB%E5%A4%89%E3%81%88%E3%82%8B%E3%81%A8%E3%81%97%E3%81%9F%E6%8E%AA%E7%BD%AE%E3%81%AB%E5%95%8F%E9%A1%8C%E3%81%AF%E3%81%AA%E3%81%84%E3%81%AE%E3%81%8B%EF%BC%9F,0,1398,0%,7.9
https://ksrfp.com/labor-management/2960/#%E5%BB%BA%E8%A8%AD%E6%A5%AD%E3%81%AF%E8%AB%8B%E8%B2%A0%E5%B7%A5%E4%BA%8B%E3%81%AE%E7%B7%8F%E9%A1%8D%E3%81%A7%E8%A8%88%E7%AE%97,0,1185,0%,6.99
https://ksrfp.com/labor-management/3120/#%E4%BA%8B%E6%A5%AD%E4%B8%BB%E3%81%8C%E5%8A%B4%E7%81%BD%E3%81%AB%E7%89%B9%E5%88%A5%E5%8A%A0%E5%85%A5%E3%81%99%E3%82%8B%E5%A0%B4%E5%90%88,0,1154,0%,3.06
https://ksrfp.com/labor-management/3120/#%E7%A4%BE%E4%BC%9A%E4%BF%9D%E9%99%BA%EF%BC%88%E5%81%A5%E5%BA%B7%E4%BF%9D%E9%99%BA%E3%83%BB%E5%8E%9A%E7%94%9F%E5%B9%B4%E9%87%91%E4%BF%9D%E9%99%BA%EF%BC%89,0,1154,0%,3.06
https://ksrfp.com/labor-management/3120/#%E9%9B%87%E7%94%A8%E4%BF%9D%E9%99%BA,0,1154,0%,3.06
https://ksrfp.com/labor-management/3467/#%E4%BB%BB%E6%84%8F%E7%89%B9%E5%AE%9A%E9%81%A9%E7%94%A8%E4%BA%8B%E6%A5%AD%E6%89%80%E3%81%AE%E7%94%B3%E3%81%97%E5%87%BA%E3%81%A8%E3%81%AF,0,1108,0%,8.35
https://ksrfp.com/labor-management/3467/#%E5%BE%93%E6%A5%AD%E5%93%A1%E6%95%B0%E3%81%A8%E3%81%AF,0,1108,0%,8.35
https://ksrfp.com/labor-management/3011/,0,1059,0%,60.76
https://ksrfp.com/labor-management/3044/#%E4%B8%8D%E5%88%A9%E7%9B%8A%E5%A4%89%E6%9B%B4%E3%81%AF%E6%85%8E%E9%87%8D%E3%81%AB,0,1058,0%,7.8
https://ksrfp.com/labor-management/3467/#%E7%9F%AD%E6%99%82%E9%96%93%E5%8A%B4%E5%83%8D%E8%80%85%E3%81%A8%E3%81%AF,0,1010,0%,8.32
https://ksrfp.com/labor-management/2578/#%E6%9C%80%E4%BD%8E%E8%B3%83%E9%87%91%E3%81%AE%E3%83%9D%E3%82%A4%E3%83%B3%E3%83%88,0,988,0%,8.08
https://ksrfp.com/labor-management/2578/#%E6%97%A5%E7%B5%A6%E5%88%B6%E3%81%AE%E5%A0%B4%E5%90%88,0,983,0%,8.09
https://ksrfp.com/labor-management/2578/#%E2%91%A1%E6%9C%80%E4%BD%8E%E8%B3%83%E9%87%91%E3%81%AB%E3%81%AF%E3%80%81%E3%80%8C%E5%9C%B0%E5%9F%9F%E5%88%A5%E6%9C%80%E4%BD%8E%E8%B3%83%E9%87%91%E3%80%8D%E3%81%A8%E3%80%81%E3%80%8C%E7%89%B9%E5%AE%9A%EF%BC%88%E7%94%A3%E6%A5%AD%E5%88%A5%EF%BC%89%E6%9C%80%E4%BD%8E%E8%B3%83%E9%87%91%E3%80%8D%E3%81%8C%E3%81%82%E3%82%8B%E3%80%82,0,982,0%,8.09
https://ksrfp.com/labor-management/288/#%E2%91%A0%E5%8A%B4%E5%83%8D%E6%99%82%E9%96%93%E3%81%8C6%E6%99%82%E9%96%93%E3%82%92%E8%B6%85%E3%81%88%E3%80%818%E6%99%82%E9%96%93%E4%BB%A5%E4%B8%8B%E3%81%AE%E5%A0%B4%E5%90%88%E3%81%AF%E5%B0%91%E3%81%AA%E3%81%8F%E3%81%A8%E3%82%8245%E5%88%86%E3%80%818%E6%99%82%E9%96%93%E3%82%92%E8%B6%85%E3%81%88%E3%82%8B%E5%A0%B4%E5%90%88%E3%81%AF%E3%80%81%E5%B0%91%E3%81%AA%E3%81%8F%E3%81%A8%E3%82%821%E6%99%82%E9%96%93%E3%81%AE%E4%BC%91%E6%86%A9%E3%82%92%E4%B8%8E%E3%81%88%E3%81%AA%E3%81%91%E3%82%8C%E3%81%B0%E3%81%AA%E3%82%89%E3%81%AA%E3%81%84%E3%80%82,0,916,0%,7.65
https://ksrfp.com/labor-management/288/#%E4%BC%91%E6%86%A9%E6%99%82%E9%96%93%E3%81%AE%E5%8E%9F%E5%89%87,0,916,0%,7.65
https://ksrfp.com/labor-management/2567/#%E5%88%B6%E5%BA%A6%E3%81%8C%E3%81%82%E3%82%8B%E3%81%AA%E3%82%89%E3%83%91%E3%83%BC%E3%83%88%E3%81%AB%E3%82%82%E3%80%81%E6%85%B6%E5%BC%94%E4%BC%91%E6%9A%87%E3%81%AF%E5%BF%85%E8%A6%81,0,911,0%,5.36
https://ksrfp.com/labor-management/143/,0,858,0%,35.27
https://ksrfp.com/labor-management/288/#%E2%91%A2%E4%BC%91%E6%86%A9%E6%99%82%E9%96%93%E3%81%AF%E8%87%AA%E7%94%B1%E3%81%AB%E4%BD%BF%E3%81%88%E3%82%8B,0,805,0%,7.63
https://ksrfp.com/labor-management/288/#%E2%91%A1%E4%BC%91%E6%86%A9%E3%81%AF%E4%B8%80%E6%96%89%E3%81%AB%E4%B8%8E%E3%81%88%E3%81%AA%E3%81%91%E3%82%8C%E3%81%B0%E3%81%AA%E3%82%89%E3%81%AA%E3%81%84%E3%80%82,0,737,0%,7.28
https://ksrfp.com/service/payroll/,0,694,0%,34.84
https://ksrfp.com/labor-management/2578/#%E2%91%A0%E8%A9%A6%E7%94%A8%E6%9C%9F%E9%96%93%E4%B8%AD%E3%82%82%E6%9C%80%E4%BD%8E%E8%B3%83%E9%87%91%E3%81%8C%E9%81%A9%E7%94%A8%E3%81%95%E3%82%8C%E3%82%8B%E3%80%82,0,683,0%,8.25
https://ksrfp.com/benefits/240/#%E5%8F%97%E3%81%91%E3%82%89%E3%82%8C%E3%82%8B%E9%A1%8D%E3%81%AF%EF%BC%9F,0,561,0%,7.21
https://ksrfp.com/labor-management/2567/#%E5%90%8C%E4%B8%80%E5%8A%B4%E5%83%8D%E5%90%8C%E4%B8%80%E8%B3%83%E9%87%91%E3%81%8C%E9%96%8B%E5%A7%8B,0,494,0%,5.56
https://ksrfp.com/labor-management/3467/#%E7%A4%BE%E4%BC%9A%E4%BF%9D%E9%99%BA%E3%81%AB%E5%85%A5%E3%82%8C%E3%81%AA%E3%81%84%E7%9F%AD%E6%99%82%E9%96%93%E5%8A%B4%E5%83%8D%E8%80%85,0,479,0%,8.65
https://ksrfp.com/labor-management/2498/#%E3%83%91%E3%83%BC%E3%83%88%E3%81%A7%E3%82%82%E4%BA%8C%E3%81%8B%E6%89%80%E3%81%A7%E5%81%A5%E5%BA%B7%E4%BF%9D%E9%99%BA%E3%83%BB%E5%8E%9A%E7%94%9F%E5%B9%B4%E9%87%91%E4%BF%9D%E9%99%BA_%E3%81%B8%E3%81%AE%E5%8A%A0%E5%85%A5%E3%81%8C%E3%81%82%E3%82%8A%E5%BE%97%E3%82%8B%E3%80%82,0,428,0%,7.19
https://ksrfp.com/labor-management/2498/#%E5%BD%B9%E5%93%A1%E3%81%AE%E5%8F%96%E3%82%8A%E6%89%B1%E3%81%84%E3%81%AF%EF%BC%9F,0,389,0%,7.16
https://ksrfp.com/subsidy/133/,0,339,0%,47.31
https://ksrfp.com/labor-management/2505/,0,309,0%,76.31
https://ksrfp.com/labor-management/2498/#%E4%BA%8C%E3%81%8B%E6%89%80%E3%81%A7%E5%8A%A0%E5%85%A5%E3%81%99%E3%82%8B%E3%81%8B%E3%82%89%E6%90%8D%EF%BC%81%EF%BC%9F%E3%81%A8%E3%81%84%E3%81%86%E3%81%93%E3%81%A8%E3%81%A7%E3%81%AF%E3%81%AA%E3%81%84%E3%80%82,0,304,0%,6.88
https://ksrfp.com/labor-management/2498/#%E5%81%A5%E5%BA%B7%E4%BF%9D%E9%99%BA%E3%83%BB%E5%8E%9A%E7%94%9F%E5%B9%B4%E9%87%91%E4%BF%9D%E9%99%BA%E3%81%AE%E9%81%A9%E7%94%A8%E6%8B%A1%E5%A4%A7,0,283,0%,6.84
https://ksrfp.com/life-planning/182/#%E9%AB%98%E9%A1%8D%E7%99%82%E9%A4%8A%E8%B2%BB%E5%88%B6%E5%BA%A6%E3%81%A8%E3%81%AF%EF%BC%9F,0,251,0%,9.68
https://ksrfp.com/life-planning/182/#%E9%99%90%E5%BA%A6%E9%A1%8D%E9%81%A9%E7%94%A8%E8%AA%8D%E5%AE%9A%E8%A8%BC%E3%82%92%E3%82%82%E3%82%89%E3%81%A3%E3%81%A6%E3%81%8A%E3%81%93%E3%81%86,0,250,0%,9.68
https://ksrfp.com/labor-management/297/#%E4%BC%91%E6%A5%AD%E3%81%8C%E9%80%A3%E7%B6%9A%E3%81%97%E3%81%9F%E6%99%82%E3%81%AE%E8%A8%88%E7%AE%97%E6%96%B9%E6%B3%95,0,234,0%,8.47
https://ksrfp.com/labor-management/297/#%E4%BC%91%E6%A5%AD%E6%89%8B%E5%BD%93%E3%81%A8%E3%81%AF,0,234,0%,8.47
https://ksrfp.com/labor-management/297/#%E4%BC%91%E6%A5%AD%E6%89%8B%E5%BD%93%E3%81%AE%E8%A8%88%E7%AE%97%E6%96%B9%E6%B3%95,0,234,0%,8.47
https://ksrfp.com/labor-management/297/#%E5%B9%B3%E5%9D%87%E8%B3%83%E9%87%91%E3%81%A8%E3%81%AF,0,234,0%,8.47
https://ksrfp.com/life-planning/182/#%E6%AD%A3%E5%B8%B8%E3%81%AA%E5%87%BA%E7%94%A3%E3%81%AF%E3%80%81%E5%81%A5%E5%BA%B7%E4%BF%9D%E9%99%BA%E3%81%AE%E5%AF%BE%E8%B1%A1%E5%A4%96,0,228,0%,9.66
https://ksrfp.com/labor-management/3486/,0,168,0%,42.41
https://ksrfp.com/labor-management/2608/#%E5%AE%BF%E7%9B%B4%E3%81%A8%E3%81%AF%EF%BC%9F,0,167,0%,8.38
https://ksrfp.com/labor-management/2608/#%E5%8A%B4%E5%83%8D%E5%9F%BA%E6%BA%96%E7%9B%A3%E7%9D%A3%E7%BD%B2%E3%81%AE%E8%A8%B1%E5%8F%AF%E3%81%8C%E5%BF%85%E8%A6%81,0,163,0%,8.32
https://ksrfp.com/labor-management/3033/,0,153,0%,56.75
https://ksrfp.com/benefits/171/#%E3%82%B3%E3%83%AD%E3%83%8A%E3%81%AE%E7%89%B9%E4%BE%8B,0,152,0%,8.77
https://ksrfp.com/benefits/171/#%E5%9F%BA%E6%9C%AC%E6%89%8B%E5%BD%93%E3%81%AE%E5%8F%97%E7%B5%A6%E6%9C%9F%E9%96%93%E3%81%A8%E5%8F%97%E3%81%91%E3%82%89%E3%82%8C%E3%82%8B%E6%97%A5%E6%95%B0%E3%80%81%E9%A1%8D,0,150,0%,8.83
https://ksrfp.com/labor-management/2608/#%E9%80%9A%E5%B8%B8%E3%81%AE%E5%8B%A4%E5%8B%99%E6%99%82%E9%96%93%E3%81%AF%E8%A8%B1%E5%8F%AF%E5%A4%96,0,145,0%,8.42
https://ksrfp.com/labor-management/2844/,0,143,0%,34.73
https://ksrfp.com/benefits/171/#%E6%B1%82%E8%81%B7%E8%80%85%E7%B5%A6%E4%BB%98%E3%81%A8%E3%81%AF%EF%BC%9F,0,128,0%,8.47
https://ksrfp.com/labor-management/3390/#%E6%8C%AF%E6%9B%BF%E4%BC%91%E6%97%A5%E3%81%A8%E4%BB%A3%E4%BC%91%E3%81%AE%E9%81%95%E3%81%84,0,127,0%,9.39
https://ksrfp.com/labor-management/3390/#%E7%BF%8C%E9%80%B1%E4%BB%A5%E9%99%8D%E3%81%AB%E6%8C%AF%E6%9B%BF%E4%BC%91%E6%97%A5%E3%82%92%E4%B8%8E%E3%81%88%E3%82%8B%E5%A0%B4%E5%90%88,0,127,0%,9.39
https://ksrfp.com/benefits/171/#%E9%9B%87%E7%94%A8%E4%BF%9D%E9%99%BA%E3%81%AE%E5%8A%A0%E5%85%A5%E6%9D%A1%E4%BB%B6%E3%81%AF%EF%BC%9F,0,126,0%,8.87
https://ksrfp.com/labor-management/3390/#%E6%8C%AF%E6%9B%BF%E4%BC%91%E6%97%A5%E3%83%BB%E4%BB%A3%E4%BC%91%E3%81%AE%E5%8F%96%E5%BE%97%E6%9C%9F%E9%99%90,0,126,0%,9.37
https://ksrfp.com/labor-management/907/#%E3%83%9E%E3%82%A4%E3%83%8A%E3%83%B3%E3%83%90%E3%83%BC,0,120,0%,8.39
https://ksrfp.com/labor-management/907/#%E6%96%B0%E5%85%A5%E7%A4%BE%E5%93%A1%E3%81%8B%E3%82%89%E6%8F%90%E5%87%BA%E3%81%97%E3%81%A6%E3%82%82%E3%82%89%E3%81%86%E6%9B%B8%E9%A1%9E,0,118,0%,8.49
https://ksrfp.com/labor-management/907/#%E7%99%BA%E7%94%9F%E3%81%99%E3%82%8B%E6%89%8B%E7%B6%9A%E3%81%8D,0,113,0%,8.35
https://ksrfp.com/labor-management/907/#%E9%9B%87%E7%94%A8%E4%BF%9D%E9%99%BA%E8%A2%AB%E4%BF%9D%E9%99%BA%E8%80%85%E8%A8%BC,0,112,0%,8.35
https://ksrfp.com/labor-management/2608/#%E8%A8%B1%E5%8F%AF%E7%94%B3%E8%AB%8B%E3%81%AB%E5%BF%85%E8%A6%81%E3%81%AA%E6%9B%B8%E9%A1%9E,0,108,0%,8.47
https://ksrfp.com/labor-management/907/#%E7%B5%A6%E4%B8%8E%E6%89%80%E5%BE%97%E8%80%85%E3%81%AE%E6%89%B6%E9%A4%8A%E6%8E%A7%E9%99%A4%E7%AD%89%EF%BC%88%E7%95%B0%E5%8B%95%EF%BC%89%E7%94%B3%E5%91%8A%E6%9B%B8,0,106,0%,8.37
https://ksrfp.com/labor-management/2990/#%E5%90%88%E7%90%86%E7%9A%84%E3%81%8B%E3%81%A9%E3%81%86%E3%81%8B%E3%81%AE%E5%88%A4%E6%96%AD%E5%9F%BA%E6%BA%96,0,100,0%,9.96
https://ksrfp.com/labor-management/2990/#%E5%B0%B1%E6%A5%AD%E8%A6%8F%E5%89%87%E3%81%AE%E4%B8%8D%E5%88%A9%E7%9B%8A%E5%A4%89%E6%9B%B4,0,100,0%,9.96
https://ksrfp.com/labor-management/2990/#%E8%A3%81%E5%88%A4%E4%BE%8B,0,100,0%,9.96
https://ksrfp.com/benefits/328/,0,91,0%,22.16
https://ksrfp.com/srp2/,0,90,0%,7.46
https://ksrfp.com/payroll/3535/#%E7%B5%A6%E4%B8%8E%E3%81%8B%E3%82%89%E6%8E%A7%E9%99%A4%E3%81%99%E3%82%8B%E3%82%82%E3%81%AE%E3%82%92%E7%A2%BA%E8%AA%8D%E3%81%97%E3%82%88%E3%81%86,0,84,0%,8.99
https://ksrfp.com/life-planning/221/#%E6%95%99%E8%82%B2%E8%B2%BB%E3%81%AF%E3%81%84%E3%81%8F%E3%82%89%E5%BF%85%E8%A6%81%EF%BC%9F,0,82,0%,8.94
https://ksrfp.com/life-planning/221/#%E6%9C%8810000%E5%86%86%E3%82%92%E8%B2%AF%E3%82%81%E3%82%8B,0,81,0%,8.91
https://ksrfp.com/life-planning/221/#%E5%AD%A6%E8%B3%87%E4%BF%9D%E9%99%BA%E3%81%AF%E5%BF%85%E8%A6%81%E3%81%8B,0,80,0%,8.93
https://ksrfp.com/payroll/3535/#_%E5%AE%9F%E9%9A%9B%E3%81%AE%E7%B5%A6%E4%B8%8E%E8%A8%88%E7%AE%97%E3%81%AE%E6%96%B9%E6%B3%95%E3%82%92%E7%A2%BA%E8%AA%8D%E3%81%97%E3%82%88%E3%81%86,0,80,0%,9.04
https://ksrfp.com/service/defined-contribution-pension/,0,80,0%,33.2
https://ksrfp.com/labor-management/3090/#%E9%9B%87%E7%94%A8%E6%9C%9F%E9%96%93%E3%81%8C2%E3%82%AB%E6%9C%88%E4%BB%A5%E5%86%85%E3%81%AE%E5%A0%B4%E5%90%88%E3%81%AE%E5%8F%96%E3%82%8A%E6%89%B1%E3%81%84%E3%81%8C%E5%A4%89%E6%9B%B4,0,69,0%,7.81
https://ksrfp.com/labor-management/3090/#%E7%A4%BE%E4%BC%9A%E4%BF%9D%E9%99%BA%E3%81%AE%E9%81%A9%E7%94%A8%E5%AF%BE%E8%B1%A1%E3%81%A8%E3%81%AA%E3%82%89%E3%81%AA%E3%81%84%E4%BA%BA,0,68,0%,7.93
https://ksrfp.com/life-planning/221/#%E5%85%90%E7%AB%A5%E6%89%8B%E5%BD%93%E3%81%AF%E5%85%A8%E3%81%A6%E8%B2%AF%E3%82%81%E3%81%A6%E3%81%8A%E3%81%8F,0,65,0%,9.22
https://ksrfp.com/payroll/3535/#%E3%81%BE%E3%81%9A%E3%81%AF%E5%B0%B1%E6%A5%AD%E8%A6%8F%E5%89%87%E3%80%81%E7%B5%A6%E4%B8%8E%E8%A6%8F%E7%A8%8B%E3%82%92%E7%A2%BA%E8%AA%8D%E3%81%97%E3%82%88%E3%81%86,0,63,0%,8.92
https://ksrfp.com/clinic/4521/,0,62,0%,7.21
https://ksrfp.com/labor-management/3090/#%E7%A4%BE%E4%BC%9A%E4%BF%9D%E9%99%BA%E3%81%AE%E9%81%A9%E7%94%A8%E6%8B%A1%E5%A4%A7,0,60,0%,8.45
https://ksrfp.com/labor-management/3090/#%E7%A4%BE%E4%BC%9A%E4%BF%9D%E9%99%BA%E5%8A%A0%E5%85%A5%E8%A6%81%E4%BB%B6,0,60,0%,8.45
https://ksrfp.com/labor-management/2564/#%E6%96%B0%E5%8D%92%E6%8E%A1%E7%94%A8%E3%81%A7%E8%83%BD%E5%8A%9B%E4%B8%8D%E8%B6%B3%E3%81%AB%E3%82%88%E3%82%8B%E8%A7%A3%E9%9B%87%E3%81%AF%E9%9B%A3%E3%81%97%E3%81%84,0,45,0%,11.16
https://ksrfp.com/labor-management/2564/#%E8%A9%A6%E7%94%A8%E6%9C%9F%E9%96%93%E6%BA%80%E4%BA%86%E3%81%A7%E3%81%AE%E3%80%8C%E6%9C%AC%E6%8E%A1%E7%94%A8%E6%8B%92%E5%90%A6%EF%BC%9D%E8%A7%A3%E9%9B%87%E3%80%8D%E3%81%AF%E3%80%81%E9%80%9A%E5%B8%B8%E3%81%AE%E8%A7%A3%E9%9B%87%E3%82%88%E3%82%8A%E5%B0%91%E3%81%97%E7%B7%A9%E3%82%84%E3%81%8B,0,45,0%,11.16
https://ksrfp.com/labor-management/3390/#%E4%BC%91%E6%97%A5%EF%BC%9D%E5%8A%B4%E5%83%8D%E7%BE%A9%E5%8B%99%E3%81%AE%E3%81%AA%E3%81%84%E6%97%A5,0,44,0%,9.75
https://ksrfp.com/subsidy/209/,0,38,0%,31.87
https://ksrfp.com/service/labor-regulations/attachment/プレゼンテーションアイコン/,0,37,0%,26.68
https://ksrfp.com/labor-management/2564/#%E4%B8%AD%E9%80%94%E6%8E%A1%E7%94%A8%E3%81%AE%E5%A0%B4%E5%90%88%E3%81%AF%E3%80%81%E5%9C%B0%E4%BD%8D%E3%82%92%E7%89%B9%E5%AE%9A%E3%81%99%E3%82%8B,0,35,0%,11.09
https://ksrfp.com/labor-management/2564/#%E6%8E%A1%E7%94%A8%E3%81%8B%E3%82%8914%E6%97%A5%E7%B5%8C%E9%81%8E%E5%BE%8C%E3%81%AF%E3%80%81%E8%A7%A3%E9%9B%87%E4%BA%88%E5%91%8A%E3%81%8C%E5%BF%85%E8%A6%81,0,35,0%,11.09
https://ksrfp.com/pension/3411/#%E5%87%BA%E7%94%A3%E3%83%BB%E8%82%B2%E5%85%90%E3%81%A7%E5%8F%97%E3%81%91%E3%82%89%E3%82%8C%E3%82%8B%E6%8E%AA%E7%BD%AE,0,27,0%,7.67
https://ksrfp.com/pension/3411/#%E5%BF%85%E8%A6%81%E6%9B%B8%E9%A1%9E,0,27,0%,7.67
https://ksrfp.com/pension/3411/#%E9%A4%8A%E8%82%B2%E6%9C%9F%E9%96%93%E6%A8%99%E6%BA%96%E5%A0%B1%E9%85%AC%E6%9C%88%E9%A1%8D%E7%89%B9%E4%BE%8B%E3%81%A8%E3%81%AF%EF%BC%9F,0,27,0%,7.67
https://ksrfp.com/benefits/153/#%E3%82%B3%E3%83%AD%E3%83%8A%E3%81%A7%E4%BC%91%E6%A5%AD%E3%81%97%E3%81%9F%E5%A0%B4%E5%90%88%E3%82%82%E5%82%B7%E7%97%85%E6%89%8B%E5%BD%93%E9%87%91%E3%81%AE%E5%AF%BE%E8%B1%A1%E3%81%AB%E3%81%AA%E3%82%8B%EF%BC%81%EF%BC%9F,0,26,0%,6.92
https://ksrfp.com/benefits/153/#%E5%9B%BD%E6%B0%91%E5%81%A5%E5%BA%B7%E4%BF%9D%E9%99%BA%E3%81%8B%E3%82%89%E3%82%82%E5%82%B7%E7%97%85%E6%89%8B%E5%BD%93%E9%87%91%E3%81%AF%E6%94%AF%E7%B5%A6%E3%81%95%E3%82%8C%E3%82%8B%EF%BC%81%EF%BC%9F,0,26,0%,6.92
https://ksrfp.com/benefits/153/#%E6%94%AF%E7%B5%A6%E3%81%95%E3%82%8C%E3%82%8B%E6%9D%A1%E4%BB%B6,0,26,0%,6.92
https://ksrfp.com/benefits/153/#%E6%A8%AA%E6%B5%9C%E5%B8%82%E3%81%AE%E5%A0%B4%E5%90%88,0,26,0%,6.92
https://ksrfp.com/labor-management/285/,0,26,0%,32.96
https://ksrfp.com/clinic/4591/,0,25,0%,8
https://ksrfp.com/pension/,0,24,0%,9.17
https://ksrfp.com/labor-management/2769/#%E5%A4%B1%E6%A5%AD%E7%B5%A6%E4%BB%98,0,18,0%,6.39
https://ksrfp.com/labor-management/2769/#%E7%B5%A6%E4%BB%98%E9%A1%8D,0,18,0%,6.39
https://ksrfp.com/labor-management/2769/#%E8%B3%87%E6%A0%BC%E5%8F%96%E5%BE%97%E6%99%82%E3%81%AE%E7%94%B3%E8%AB%8B%E6%9B%B8%E9%A1%9E,0,18,0%,6.39
https://ksrfp.com/labor-management/2769/#%E8%B3%87%E6%A0%BC%E5%96%AA%E5%A4%B1%E6%99%82%E3%81%AE%E7%94%B3%E8%AB%8B%E6%9B%B8%E9%A1%9E,0,18,0%,6.39
https://ksrfp.com/labor-management/2492/,0,18,0%,10.39
https://ksrfp.com/news/3603/,0,18,0%,16.94
https://ksrfp.com/labor-management/3644/#%E3%81%AF%E3%81%98%E3%82%81%E3%81%AB,0,15,0%,9.6
https://ksrfp.com/labor-management/3644/#%E3%83%95%E3%83%AC%E3%83%83%E3%82%AF%E3%82%B9%E3%82%BF%E3%82%A4%E3%83%A0%E5%88%B6%E5%BA%A6%E3%81%AE%E5%9F%BA%E6%9C%AC,0,15,0%,9.6
https://ksrfp.com/labor-management/3644/#%E5%88%B6%E5%BA%A6%E3%81%AE%E5%B0%8E%E5%85%A5%E3%83%97%E3%83%AD%E3%82%BB%E3%82%B9,0,15,0%,9.6
https://ksrfp.com/labor-management/3644/#%E7%AE%A1%E7%90%86%E3%81%A8%E9%81%8B%E7%94%A8,0,15,0%,9.6
https://ksrfp.com/home/attachment/建設業向けバナー/,0,14,0%,7.79
https://ksrfp.com/news/3408/,0,14,0%,39.29
https://ksrfp.com/labor-management/976/#1%E5%B9%B4%E5%8D%98%E4%BD%8D%E3%81%AE%E5%A4%89%E5%BD%A2%E5%8A%B4%E5%83%8D%E6%99%82%E9%96%93%E5%88%B6%E3%81%A8%E3%81%AF%EF%BC%9F,0,13,0%,7
https://ksrfp.com/labor-management/976/#1%E5%B9%B4%E5%8D%98%E4%BD%8D%E3%81%AE%E5%A4%89%E5%BD%A2%E5%8A%B4%E5%83%8D%E6%99%82%E9%96%93%E5%88%B6%E3%81%AE%E6%8E%A1%E7%94%A8%E6%96%B9%E6%B3%95,0,13,0%,7
https://ksrfp.com/news/4454/,0,13,0%,16.77
https://ksrfp.com/news/3513/,0,13,0%,39.38
https://ksrfp.com/uncategorized/,0,12,0%,10.75
https://ksrfp.com/labor-management/,0,11,0%,12.45
https://ksrfp.com/clinic/4695/,0,10,0%,8.4
https://ksrfp.com/labor-management/4022/#%E3%81%AF%E3%81%98%E3%82%81%E3%81%AB,0,9,0%,5
https://ksrfp.com/labor-management/4022/#%E3%83%8F%E3%83%A9%E3%82%B9%E3%83%A1%E3%83%B3%E3%83%88%E3%81%AE%E5%A2%83%E7%95%8C%E7%B7%9A%E3%82%92%E6%B1%BA%E3%82%81%E3%82%8B%E8%A6%81%E7%B4%A0,0,9,0%,5
https://ksrfp.com/labor-management/4022/#%E3%83%9E%E3%82%BF%E3%83%8B%E3%83%86%E3%82%A3%E3%83%8F%E3%83%A9%E3%82%B9%E3%83%A1%E3%83%B3%E3%83%88%E3%81%AE%E5%88%A4%E6%96%AD%E5%9F%BA%E6%BA%96,0,9,0%,5
https://ksrfp.com/labor-management/948/#%E6%AE%8B%E6%A5%AD%E6%99%82%E9%96%93%E3%81%AE%E8%A8%88%E7%AE%97%E6%96%B9%E6%B3%95,0,9,0%,8.22
https://ksrfp.com/labor-management/948/#1%E3%82%AB%E6%9C%88%E5%8D%98%E4%BD%8D%E3%81%AE%E5%A4%89%E5%BD%A2%E5%8A%B4%E5%83%8D%E6%99%82%E9%96%93%E5%88%B6%E3%81%A8%E3%81%AF%EF%BC%9F,0,9,0%,8.22
https://ksrfp.com/tag/保険/,0,8,0%,7.88
https://ksrfp.com/labor-management/976/#%E5%AF%BE%E8%B1%A1%E6%9C%9F%E9%96%93%E3%81%AB%E3%81%8A%E3%81%91%E3%82%8B%E9%80%A3%E7%B6%9A%E5%8A%B4%E5%83%8D%E6%97%A5%E6%95%B0,0,7,0%,7.14
https://ksrfp.com/labor-management/976/#%E6%AE%8B%E6%A5%AD%E6%99%82%E9%96%93%E3%81%AE%E8%A8%88%E7%AE%97%E6%96%B9%E6%B3%95,0,7,0%,7.14
https://ksrfp.com/labor-management/976/#1%E6%97%A5%E3%83%BB1%E9%80%B1%E9%96%93%E3%81%AE%E5%8A%B4%E5%83%8D%E6%99%82%E9%96%93%E3%81%AE%E9%99%90%E5%BA%A6,0,7,0%,7.14
https://ksrfp.com/life-planning/221/attachment/piggy-bank-2889046__340/,0,7,0%,9.86
https://ksrfp.com/benefits/357/,0,7,0%,18.14
https://ksrfp.com/clinic/4625/,0,6,0%,5.33
https://ksrfp.com/labor-management/4022/attachment/250616/,0,6,0%,6.17
https://ksrfp.com/labor-management/3420/#%E8%B2%B7%E3%81%84%E5%8F%96%E3%82%8A%E7%9B%B8%E5%A0%B4%E3%81%AF%E3%80%81%E9%80%9A%E5%B8%B8%E3%81%AE1%E6%97%A5%E5%88%86%E3%81%AE%E8%B3%83%E9%87%91%E9%A1%8D,0,6,0%,7
https://ksrfp.com/labor-management/3420/#%E8%B2%B7%E5%8F%96%E3%81%AF%E5%8E%9F%E5%89%87%E4%B8%8D%E5%8F%AF%E3%80%82%E9%80%80%E8%81%B7%E6%99%82%E3%81%AE%E6%9C%AA%E6%B6%88%E5%8C%96%E5%88%86%E3%81%AB%E3%81%A4%E3%81%84%E3%81%A6%E3%81%AF%E5%8F%AF%E3%80%82,0,6,0%,7
https://ksrfp.com/clinic/,0,6,0%,10.17
https://ksrfp.com/news/3662/,0,6,0%,32.67
https://ksrfp.com/benefits/167/#%E5%87%BA%E7%94%A3%E3%81%AB%E9%96%A2%E3%81%99%E3%82%8B%E7%A4%BE%E4%BC%9A%E4%BF%9D%E9%9A%9C%E5%88%B6%E5%BA%A6,0,5,0%,11.2
https://ksrfp.com/benefits/167/#%E5%87%BA%E7%94%A3%E6%89%8B%E5%BD%93%E9%87%91,0,5,0%,11.2
https://ksrfp.com/benefits/167/#%E5%87%BA%E7%94%A3%E8%82%B2%E5%85%90%E4%B8%80%E6%99%82%E9%87%91,0,5,0%,11.2
https://ksrfp.com/benefits/167/#%E8%82%B2%E5%85%90%E4%BC%91%E6%A5%AD%E7%B5%A6%E4%BB%98%E9%87%91,0,5,0%,11.2
https://ksrfp.com/clinic/4628/,0,4,0%,6
https://ksrfp.com/labor-management/4022/#%E3%82%B0%E3%83%AC%E3%83%BC%E3%82%BE%E3%83%BC%E3%83%B3%E3%81%AE%E4%BA%8B%E4%BE%8B%E3%81%A8%E5%AF%BE%E5%87%A6%E6%B3%95,0,4,0%,6
https://ksrfp.com/labor-management/4022/#%E3%82%BB%E3%82%AF%E3%82%B7%E3%83%A5%E3%82%A2%E3%83%AB%E3%83%8F%E3%83%A9%E3%82%B9%E3%83%A1%E3%83%B3%E3%83%88%E3%81%AE%E5%88%A4%E6%96%AD%E5%9F%BA%E6%BA%96,0,4,0%,6
https://ksrfp.com/labor-management/4022/#%E3%83%8F%E3%83%A9%E3%82%B9%E3%83%A1%E3%83%B3%E3%83%88%E3%81%AE%E5%AE%9A%E7%BE%A9%E3%81%A8%E7%A8%AE%E9%A1%9E,0,4,0%,6
https://ksrfp.com/labor-management/4022/#%E3%83%91%E3%83%AF%E3%83%BC%E3%83%8F%E3%83%A9%E3%82%B9%E3%83%A1%E3%83%B3%E3%83%88%E3%81%AE%E5%88%A4%E6%96%AD%E5%9F%BA%E6%BA%96,0,4,0%,6
https://ksrfp.com/labor-management/3420/#%E5%B8%8C%E6%9C%9B%E3%81%8C%E3%81%82%E3%82%8C%E3%81%B0%E3%80%81%E5%8F%96%E5%BE%97%E3%81%95%E3%81%9B%E3%81%AA%E3%81%84%E3%81%A8%E3%81%84%E3%81%91%E3%81%AA%E3%81%84,0,3,0%,4.33
https://ksrfp.com/labor-management/3420/#%E6%A5%AD%E5%8B%99%E3%81%AE%E5%BC%95%E7%B6%99%E3%81%8E%E6%9C%9F%E9%96%93%E3%82%92%E8%80%83%E6%85%AE%E3%81%97%E3%81%A6%E3%80%81%E8%A9%B1%E3%81%97%E5%90%88%E3%81%A3%E3%81%A6%E6%B1%BA%E3%82%81%E3%82%8B%E3%80%82,0,3,0%,4.33
https://ksrfp.com/clinic/4613/,0,3,0%,9.33
https://ksrfp.com/pension/4064/attachment/250701/,0,3,0%,10
https://ksrfp.com/tag/教育費/,0,3,0%,11
https://ksrfp.com/clinic/4619/,0,3,0%,15
https://ksrfp.com/pension/254/),0,2,0%,1
https://ksrfp.com/labor-management/3052/attachment/0704/,0,2,0%,2
https://ksrfp.com/labor-management/3633/#%E3%82%AB%E3%82%B9%E3%82%BF%E3%83%9E%E3%83%BC%E3%83%8F%E3%83%A9%E3%82%B9%E3%83%A1%E3%83%B3%E3%83%88%E3%81%AE%E5%85%B7%E4%BD%93%E4%BE%8B,0,2,0%,12
https://ksrfp.com/labor-management/3633/#%E6%94%B9%E6%AD%A3%E3%81%AE%E3%83%9D%E3%82%A4%E3%83%B3%E3%83%88,0,2,0%,12
https://ksrfp.com/labor-management/3633/#%E6%A5%AD%E5%8B%99%E3%81%AB%E3%82%88%E3%82%8B%E5%BF%83%E7%90%86%E7%9A%84%E8%B2%A0%E8%8D%B7%E8%A9%95%E4%BE%A1%E3%81%AE%E8%BF%BD%E5%8A%A0,0,2,0%,12
https://ksrfp.com/tag/産休　育休/,0,2,0%,18.5
https://ksrfp.com/service/labor-regulations/attachment/シンプルな書類ファイル/,0,2,0%,45.5
https://ksrfp.com/labor-management/2608/),0,1,0%,1
https://ksrfp.com/labor-management/2984/#%E4%BB%A4%E5%92%8C%EF%BC%96%E5%B9%B44%E6%9C%881%E6%97%A5%E4%BB%A5%E9%99%8D%E3%80%81%E5%8C%BB%E5%B8%AB%E3%81%AB%E3%82%82%E4%B8%8A%E9%99%90%E8%A6%8F%E5%88%B6%E9%81%A9%E7%94%A8,0,1,0%,2
https://ksrfp.com/labor-management/2984/#%E5%8C%BB%E5%B8%AB%E5%8A%B4%E5%83%8D%E6%99%82%E9%96%93%E7%9F%AD%E7%B8%AE%E8%A8%88%E7%94%BB%E3%81%AE%E4%B8%BB%E3%81%AA%E3%83%9D%E3%82%A4%E3%83%B3%E3%83%88,0,1,0%,2
https://ksrfp.com/labor-management/2984/#%E5%8C%BB%E7%99%82%E6%A9%9F%E9%96%A2%E3%83%BB%E5%8C%BB%E5%B8%AB%E3%81%AE%E5%83%8D%E3%81%8D%E6%94%B9%E9%9D%A9,0,1,0%,2
https://ksrfp.com/labor-management/2984/#%E8%BF%BD%E5%8A%A0%E7%9A%84%E5%81%A5%E5%BA%B7%E7%A2%BA%E4%BF%9D%E6%8E%AA%E7%BD%AE%E3%81%AE%E5%AE%9F%E6%96%BD,0,1,0%,2
https://ksrfp.com/people-4035403_1920/,0,1,0%,2
https://ksrfp.com/post-sitemap.html,0,1,0%,3
https://ksrfp.com/shaking-hands-3091906_1920-3/,0,1,0%,4
https://ksrfp.com/benefits/357/attachment/hands-2906458_1920/,0,1,0%,5
https://ksrfp.com/labor-management/2984/attachment/0523/,0,1,0%,6
https://ksrfp.com/download/saiyou_sideban/,0,1,0%,7
https://ksrfp.com/news/2946/,0,1,0%,7
https://ksrfp.com/home/attachment/クリニック向けバナー7/,0,1,0%,8
https://ksrfp.com/subsidy/2403/,0,1,0%,10
https://ksrfp.com/tag/国民年金/,0,1,0%,11
https://ksrfp.com/tag/年金　１０年/,0,1,0%,16
https://ksrfp.com/labor-management/2492/attachment/4192849_m/,0,1,0%,29
https://ksrfp.com/news/4421/,0,1,0%,39